Workbook

Sheet Weekly Input
A1: INSTAGRAM WEEKLY METRICS — INPUT SHEET
A2: Fill yellow cells only. One row = one week.
A3: Week Start | B3: Week End | C3: Total Views | D3: Accounts Reached | E3: Reel Views | F3: Story Views | G3: Interactions | H3: Accounts Engaged | I3: Profile Visits | J3: Total Followers
C4: DMs Started | D4: New Contacts | E4: Returning Contacts | F4: Response Rate % | G4: Avg Response Time (min) | H4: Calls Booked | I4: Calls Showed | J4: Deals Closed
A5: 2026-02-28 | B5: 2026-03-06 | C5: 355 | D5: 248 | E5: 46 | F5: 309 | G5: 3 | H5: 5 | I5: 12 | J5: 611 | K5: 4 | L5: 3 | M5: 0 | N5: 33.3 | O5: 30 | P5: 0 | Q5: 0 | R5: 0

Sheet Funnel
A1: FUNNEL CONVERSION TRACKER (auto-calculated)
A2: Week Start | B2: Reach → Profile Visit % | C2: Profile Visit → DM % | D2: DM → Call Booked % | E2: Call → Show % | F2: Show → Close % | G2: Overall Conv % (Reach→Close) | H2: Bottleneck Stage | I2: Benchmark Status
A3: ='Weekly Input'!A5 | B3: =IFERROR('Weekly Input'!I5/'Weekly Input'!D5*100,"") | C3: =IFERROR('Weekly Input'!K5/'Weekly Input'!I5*100,"") | D3: =IFERROR('Weekly Input'!P5/'Weekly Input'!K5*100,"") | E3: =IFERROR('Weekly Input'!Q5/'Weekly Input'!P5*100,"") | F3: =IFERROR('Weekly Input'!R5/'Weekly Input'!Q5*100,"") | G3: =IFERROR('Weekly Input'!R5/'Weekly Input'!D5*100,"") | H3: =IFERROR(INDEX({"Reach→Visit","Visit→DM","DM→Call","Call→Show","Show→Close"},MATCH(MIN(B3:F3),B3:F3,0)),"") | I3: =IFERROR(IF(AND(B3>=3,C3>=5,D3>=30,E3>=60,F3>=20),"All OK","Needs Fix"),"")
A4: ='Weekly Input'!A6 | B4: =IFERROR('Weekly Input'!I6/'Weekly Input'!D6*100,"") | C4: =IFERROR('Weekly Input'!K6/'Weekly Input'!I6*100,"") | D4: =IFERROR('Weekly Input'!P6/'Weekly Input'!K6*100,"") | E4: =IFERROR('Weekly Input'!Q6/'Weekly Input'!P6*100,"") | F4: =IFERROR('Weekly Input'!R6/'Weekly Input'!Q6*100,"") | G4: =IFERROR('Weekly Input'!R6/'Weekly Input'!D6*100,"") | H4: =IFERROR(INDEX({"Reach→Visit","Visit→DM","DM→Call","Call→Show","Show→Close"},MATCH(MIN(B4:F4),B4:F4,0)),"") | I4: =IFERROR(IF(AND(B4>=3,C4>=5,D4>=30,E4>=60,F4>=20),"All OK","Needs Fix"),"")
A5: ='Weekly Input'!A7 | B5: =IFERROR('Weekly Input'!I7/'Weekly Input'!D7*100,"") | C5: =IFERROR('Weekly Input'!K7/'Weekly Input'!I7*100,"") | D5: =IFERROR('Weekly Input'!P7/'Weekly Input'!K7*100,"") | E5: =IFERROR('Weekly Input'!Q7/'Weekly Input'!P7*100,"") | F5: =IFERROR('Weekly Input'!R7/'Weekly Input'!Q7*100,"") | G5: =IFERROR('Weekly Input'!R7/'Weekly Input'!D7*100,"") | H5: =IFERROR(INDEX({"Reach→Visit","Visit→DM","DM→Call","Call→Show","Show→Close"},MATCH(MIN(B5:F5),B5:F5,0)),"") | I5: =IFERROR(IF(AND(B5>=3,C5>=5,D5>=30,E5>=60,F5>=20),"All OK","Needs Fix"),"")
A6: ='Weekly Input'!A8 | B6: =IFERROR('Weekly Input'!I8/'Weekly Input'!D8*100,"") | C6: =IFERROR('Weekly Input'!K8/'Weekly Input'!I8*100,"") | D6: =IFERROR('Weekly Input'!P8/'Weekly Input'!K8*100,"") | E6: =IFERROR('Weekly Input'!Q8/'Weekly Input'!P8*100,"") | F6: =IFERROR('Weekly Input'!R8/'Weekly Input'!Q8*100,"") | G6: =IFERROR('Weekly Input'!R8/'Weekly Input'!D8*100,"") | H6: =IFERROR(INDEX({"Reach→Visit","Visit→DM","DM→Call","Call→Show","Show→Close"},MATCH(MIN(B6:F6),B6:F6,0)),"") | I6: =IFERROR(IF(AND(B6>=3,C6>=5,D6>=30,E6>=60,F6>=20),"All OK","Needs Fix"),"")
A7: ='Weekly Input'!A9 | B7: =IFERROR('Weekly Input'!I9/'Weekly Input'!D9*100,"") | C7: =IFERROR('Weekly Input'!K9/'Weekly Input'!I9*100,"") | D7: =IFERROR('Weekly Input'!P9/'Weekly Input'!K9*100,"") | E7: =IFERROR('Weekly Input'!Q9/'Weekly Input'!P9*100,"") | F7: =IFERROR('Weekly Input'!R9/'Weekly Input'!Q9*100,"") | G7: =IFERROR('Weekly Input'!R9/'Weekly Input'!D9*100,"") | H7: =IFERROR(INDEX({"Reach→Visit","Visit→DM","DM→Call","Call→Show","Show→Close"},MATCH(MIN(B7:F7),B7:F7,0)),"") | I7: =IFERROR(IF(AND(B7>=3,C7>=5,D7>=30,E7>=60,F7>=20),"All OK","Needs Fix"),"")
A8: ='Weekly Input'!A10 | B8: =IFERROR('Weekly Input'!I10/'Weekly Input'!D10*100,"") | C8: =IFERROR('Weekly Input'!K10/'Weekly Input'!I10*100,"") | D8: =IFERROR('Weekly Input'!P10/'Weekly Input'!K10*100,"") | E8: =IFERROR('Weekly Input'!Q10/'Weekly Input'!P10*100,"") | F8: =IFERROR('Weekly Input'!R10/'Weekly Input'!Q10*100,"") | G8: =IFERROR('Weekly Input'!R10/'Weekly Input'!D10*100,"") | H8: =IFERROR(INDEX({"Reach→Visit","Visit→DM","DM→Call","Call→Show","Show→Close"},MATCH(MIN(B8:F8),B8:F8,0)),"") | I8: =IFERROR(IF(AND(B8>=3,C8>=5,D8>=30,E8>=60,F8>=20),"All OK","Needs Fix"),"")
A9: ='Weekly Input'!A11 | B9: =IFERROR('Weekly Input'!I11/'Weekly Input'!D11*100,"") | C9: =IFERROR('Weekly Input'!K11/'Weekly Input'!I11*100,"") | D9: =IFERROR('Weekly Input'!P11/'Weekly Input'!K11*100,"") | E9: =IFERROR('Weekly Input'!Q11/'Weekly Input'!P11*100,"") | F9: =IFERROR('Weekly Input'!R11/'Weekly Input'!Q11*100,"") | G9: =IFERROR('Weekly Input'!R11/'Weekly Input'!D11*100,"") | H9: =IFERROR(INDEX({"Reach→Visit","Visit→DM","DM→Call","Call→Show","Show→Close"},MATCH(MIN(B9:F9),B9:F9,0)),"") | I9: =IFERROR(IF(AND(B9>=3,C9>=5,D9>=30,E9>=60,F9>=20),"All OK","Needs Fix"),"")
A10: ='Weekly Input'!A12 | B10: =IFERROR('Weekly Input'!I12/'Weekly Input'!D12*100,"") | C10: =IFERROR('Weekly Input'!K12/'Weekly Input'!I12*100,"") | D10: =IFERROR('Weekly Input'!P12/'Weekly Input'!K12*100,"") | E10: =IFERROR('Weekly Input'!Q12/'Weekly Input'!P12*100,"") | F10: =IFERROR('Weekly Input'!R12/'Weekly Input'!Q12*100,"") | G10: =IFERROR('Weekly Input'!R12/'Weekly Input'!D12*100,"") | H10: =IFERROR(INDEX({"Reach→Visit","Visit→DM","DM→Call","Call→Show","Show→Close"},MATCH(MIN(B10:F10),B10:F10,0)),"") | I10: =IFERROR(IF(AND(B10>=3,C10>=5,D10>=30,E10>=60,F10>=20),"All OK","Needs Fix"),"")
A11: ='Weekly Input'!A13 | B11: =IFERROR('Weekly Input'!I13/'Weekly Input'!D13*100,"") | C11: =IFERROR('Weekly Input'!K13/'Weekly Input'!I13*100,"") | D11: =IFERROR('Weekly Input'!P13/'Weekly Input'!K13*100,"") | E11: =IFERROR('Weekly Input'!Q13/'Weekly Input'!P13*100,"") | F11: =IFERROR('Weekly Input'!R13/'Weekly Input'!Q13*100,"") | G11: =IFERROR('Weekly Input'!R13/'Weekly Input'!D13*100,"") | H11: =IFERROR(INDEX({"Reach→Visit","Visit→DM","DM→Call","Call→Show","Show→Close"},MATCH(MIN(B11:F11),B11:F11,0)),"") | I11: =IFERROR(IF(AND(B11>=3,C11>=5,D11>=30,E11>=60,F11>=20),"All OK","Needs Fix"),"")
A12: ='Weekly Input'!A14 | B12: =IFERROR('Weekly Input'!I14/'Weekly Input'!D14*100,"") | C12: =IFERROR('Weekly Input'!K14/'Weekly Input'!I14*100,"") | D12: =IFERROR('Weekly Input'!P14/'Weekly Input'!K14*100,"") | E12: =IFERROR('Weekly Input'!Q14/'Weekly Input'!P14*100,"") | F12: =IFERROR('Weekly Input'!R14/'Weekly Input'!Q14*100,"") | G12: =IFERROR('Weekly Input'!R14/'Weekly Input'!D14*100,"") | H12: =IFERROR(INDEX({"Reach→Visit","Visit→DM","DM→Call","Call→Show","Show→Close"},MATCH(MIN(B12:F12),B12:F12,0)),"") | I12: =IFERROR(IF(AND(B12>=3,C12>=5,D12>=30,E12>=60,F12>=20),"All OK","Needs Fix"),"")
A13: ='Weekly Input'!A15 | B13: =IFERROR('Weekly Input'!I15/'Weekly Input'!D15*100,"") | C13: =IFERROR('Weekly Input'!K15/'Weekly Input'!I15*100,"") | D13: =IFERROR('Weekly Input'!P15/'Weekly Input'!K15*100,"") | E13: =IFERROR('Weekly Input'!Q15/'Weekly Input'!P15*100,"") | F13: =IFERROR('Weekly Input'!R15/'Weekly Input'!Q15*100,"") | G13: =IFERROR('Weekly Input'!R15/'Weekly Input'!D15*100,"") | H13: =IFERROR(INDEX({"Reach→Visit","Visit→DM","DM→Call","Call→Show","Show→Close"},MATCH(MIN(B13:F13),B13:F13,0)),"") | I13: =IFERROR(IF(AND(B13>=3,C13>=5,D13>=30,E13>=60,F13>=20),"All OK","Needs Fix"),"")
A14: ='Weekly Input'!A16 | B14: =IFERROR('Weekly Input'!I16/'Weekly Input'!D16*100,"") | C14: =IFERROR('Weekly Input'!K16/'Weekly Input'!I16*100,"") | D14: =IFERROR('Weekly Input'!P16/'Weekly Input'!K16*100,"") | E14: =IFERROR('Weekly Input'!Q16/'Weekly Input'!P16*100,"") | F14: =IFERROR('Weekly Input'!R16/'Weekly Input'!Q16*100,"") | G14: =IFERROR('Weekly Input'!R16/'Weekly Input'!D16*100,"") | H14: =IFERROR(INDEX({"Reach→Visit","Visit→DM","DM→Call","Call→Show","Show→Close"},MATCH(MIN(B14:F14),B14:F14,0)),"") | I14: =IFERROR(IF(AND(B14>=3,C14>=5,D14>=30,E14>=60,F14>=20),"All OK","Needs Fix"),"")
... A28: ='Weekly Input'!A30 | B28: =IFERROR('Weekly Input'!I30/'Weekly Input'!D30*100,"") | C28: =IFERROR('Weekly Input'!K30/'Weekly Input'!I30*100,"") | D28: =IFERROR('Weekly Input'!P30/'Weekly Input'!K30*100,"") | E28: =IFERROR('Weekly Input'!Q30/'Weekly Input'!P30*100,"") | F28: =IFERROR('Weekly Input'!R30/'Weekly Input'!Q30*100,"") | G28: =IFERROR('Weekly Input'!R30/'Weekly Input'!D30*100,"") | H28: =IFERROR(INDEX({"Reach→Visit","Visit→DM","DM→Call","Call→Show","Show→Close"},MATCH(MIN(B28:F28),B28:F28,0)),"") | I28: =IFERROR(IF(AND(B28>=3,C28>=5,D28>=30,E28>=60,F28>=20),"All OK","Needs Fix"),"")
A35: BENCHMARKS: Reach→Visit ≥3% | Visit→DM ≥5% | DM→Call ≥30% | Call→Show ≥60% | Show→Close ≥20%

Sheet Content Log
A1: CONTENT LOG — Per Post Performance
A2: Week Start | B2: Post Date | C2: Post Type (Reel/Story/Carousel) | D2: Hook / Title (short) | E2: Views / Plays | F2: Likes | G2: Comments | H2: Shares | I2: Saves | J2: Profile Visits from Post | K2: DMs from Post | L2: Notes / ICP Fit
A3: 2026-02-28 | B3: 2026-02-?? | C3: Reel | D3: Drop Out, keluar dari sales awet 5 bulan | E3: 579 | L3: Best performer
A4: 2026-02-28 | B4: 2026-02-?? | C4: Reel | D4: IZIN Buktiin sama mama bisa hidup dari Jualan AI | E4: 110
A5: 2026-02-28 | B5: 2026-02-?? | C5: Reel | D5: POV: Jadi Sales Mobil 5 Bulan masih Gagal closing | E5: 83
A6: 2026-02-28 | B6: 2026-02-?? | C6: Reel | D6: lu mungkin taunya... | E6: 56
A7: 2026-02-28 | B7: 2026-02-?? | C7: Reel | D7: Gua ada Pertanyaan | E7: 53
A8: 2026-02-28 | B8: 2026-02-?? | C8: Reel | D8: bikin konten di 2026 | E8: 45
A9: 2026-02-28 | B9: 2026-02-?? | C9: Reel | D9: Konten SEPI - konten lo sepi | E9: 35
A10: 2026-02-28 | B10: 2026-02-?? | C10: Reel | D10: 0 sampe 1k Views | E10: 28
A11: 2026-02-28 | B11: 2026-02-?? | C11: Reel | D11: Mana Yang VIRAL? | E11: 24
A12: 2026-02-28 | B12: 2026-02-?? | C12: Post | D12: Ivan Zhao article share | E12: 6
A13: 2026-02-28 | B13: 2026-02-?? | C13: Reel | D13: nerding | E13: 4
A14: 2026-02-28 | B14: 2026-02-?? | C14: Reel | D14: Resolusi 2026 / AI content workflow | E14: 4

Sheet Trends
A1: WEEK-OVER-WEEK TRENDS
A2: Week Start | B2: Total Views | C2: Accounts Reached | D2: Profile Visits | E2: DMs Started | F2: Followers | G2: Views WoW % | H2: Followers WoW %
A3: ='Weekly Input'!A5 | B3: ='Weekly Input'!C5 | C3: ='Weekly Input'!D5 | D3: ='Weekly Input'!I5 | E3: ='Weekly Input'!K5 | F3: ='Weekly Input'!J5 | G3: — | H3: —
A4: ='Weekly Input'!A6 | B4: ='Weekly Input'!C6 | C4: ='Weekly Input'!D6 | D4: ='Weekly Input'!I6 | E4: ='Weekly Input'!K6 | F4: ='Weekly Input'!J6 | G4: =IFERROR((B4-B3)/B3*100,"") | H4: =IFERROR((F4-F3)/F3*100,"")
A5: ='Weekly Input'!A7 | B5: ='Weekly Input'!C7 | C5: ='Weekly Input'!D7 | D5: ='Weekly Input'!I7 | E5: ='Weekly Input'!K7 | F5: ='Weekly Input'!J7 | G5: =IFERROR((B5-B4)/B4*100,"") | H5: =IFERROR((F5-F4)/F4*100,"")
A6: ='Weekly Input'!A8 | B6: ='Weekly Input'!C8 | C6: ='Weekly Input'!D8 | D6: ='Weekly Input'!I8 | E6: ='Weekly Input'!K8 | F6: ='Weekly Input'!J8 | G6: =IFERROR((B6-B5)/B5*100,"") | H6: =IFERROR((F6-F5)/F5*100,"")
A7: ='Weekly Input'!A9 | B7: ='Weekly Input'!C9 | C7: ='Weekly Input'!D9 | D7: ='Weekly Input'!I9 | E7: ='Weekly Input'!K9 | F7: ='Weekly Input'!J9 | G7: =IFERROR((B7-B6)/B6*100,"") | H7: =IFERROR((F7-F6)/F6*100,"")
A8: ='Weekly Input'!A10 | B8: ='Weekly Input'!C10 | C8: ='Weekly Input'!D10 | D8: ='Weekly Input'!I10 | E8: ='Weekly Input'!K10 | F8: ='Weekly Input'!J10 | G8: =IFERROR((B8-B7)/B7*100,"") | H8: =IFERROR((F8-F7)/F7*100,"")
A9: ='Weekly Input'!A11 | B9: ='Weekly Input'!C11 | C9: ='Weekly Input'!D11 | D9: ='Weekly Input'!I11 | E9: ='Weekly Input'!K11 | F9: ='Weekly Input'!J11 | G9: =IFERROR((B9-B8)/B8*100,"") | H9: =IFERROR((F9-F8)/F8*100,"")
A10: ='Weekly Input'!A12 | B10: ='Weekly Input'!C12 | C10: ='Weekly Input'!D12 | D10: ='Weekly Input'!I12 | E10: ='Weekly Input'!K12 | F10: ='Weekly Input'!J12 | G10: =IFERROR((B10-B9)/B9*100,"") | H10: =IFERROR((F10-F9)/F9*100,"")
A11: ='Weekly Input'!A13 | B11: ='Weekly Input'!C13 | C11: ='Weekly Input'!D13 | D11: ='Weekly Input'!I13 | E11: ='Weekly Input'!K13 | F11: ='Weekly Input'!J13 | G11: =IFERROR((B11-B10)/B10*100,"") | H11: =IFERROR((F11-F10)/F10*100,"")
A12: ='Weekly Input'!A14 | B12: ='Weekly Input'!C14 | C12: ='Weekly Input'!D14 | D12: ='Weekly Input'!I14 | E12: ='Weekly Input'!K14 | F12: ='Weekly Input'!J14 | G12: =IFERROR((B12-B11)/B11*100,"") | H12: =IFERROR((F12-F11)/F11*100,"")
A13: ='Weekly Input'!A15 | B13: ='Weekly Input'!C15 | C13: ='Weekly Input'!D15 | D13: ='Weekly Input'!I15 | E13: ='Weekly Input'!K15 | F13: ='Weekly Input'!J15 | G13: =IFERROR((B13-B12)/B12*100,"") | H13: =IFERROR((F13-F12)/F12*100,"")
A14: ='Weekly Input'!A16 | B14: ='Weekly Input'!C16 | C14: ='Weekly Input'!D16 | D14: ='Weekly Input'!I16 | E14: ='Weekly Input'!K16 | F14: ='Weekly Input'!J16 | G14: =IFERROR((B14-B13)/B13*100,"") | H14: =IFERROR((F14-F13)/F13*100,"")
A15: ='Weekly Input'!A17 | B15: ='Weekly Input'!C17 | C15: ='Weekly Input'!D17 | D15: ='Weekly Input'!I17 | E15: ='Weekly Input'!K17 | F15: ='Weekly Input'!J17 | G15: =IFERROR((B15-B14)/B14*100,"") | H15: =IFERROR((F15-F14)/F14*100,"")
... A28: ='Weekly Input'!A30 | B28: ='Weekly Input'!C30 | C28: ='Weekly Input'!D30 | D28: ='Weekly Input'!I30 | E28: ='Weekly Input'!K30 | F28: ='Weekly Input'!J30 | G28: =IFERROR((B28-B27)/B27*100,"") | H28: =IFERROR((F28-F27)/F27*100,"")

Sheet How to Use
A1: HOW TO USE THIS TRACKER
A3: STEP 1 — Fill Weekly Input
A4: Every week, add one new row in the 'Weekly Input' sheet.
A5: Fill only the YELLOW cells. Pull data from Instagram Insights > Overview.
A7: STEP 2 — Log your content
A8: Add each post to 'Content Log'. Minimum: Post Type, Hook/Title, Views.
A9: Track which posts drive profile visits and DMs.
A11: STEP 3 — Check Funnel sheet
A12: The Funnel sheet auto-calculates conversion % at each stage.
A13: Bottleneck column flags the weakest stage automatically.
A15: STEP 4 — Run /cook-audit in Claude
A16: Paste your Funnel sheet + Content Log top performers into Claude.
... A30: Calls / Closed → your own tracking (Notion/CRM/memory)
